<EntityList name="Trail"
            addToCache="true"
            RootFilterExpression="">   
   <Entity type="Trail" markForAsso="true">
      <AttributeList>
		<Attribute>
            <Name>LocalName</Name>
            <ValueExpression></ValueExpression>
			<Context>
				<ValueExpression></ValueExpression>				
			</Context>												
         </Attribute>
         <Attribute>
            <Name>Kind</Name>
            <ValueExpression>
			</ValueExpression>
            <DefaultValue>Trail</DefaultValue>
         </Attribute> 		 
      </AttributeList>
      <AssoicationList>
		<KeyBasedAssoication>
			<SelfKey>
				<Key>
					<Name></Name>
					<ValueExpression></ValueExpression>
				</Key>
			</SelfKey>
	   </KeyBasedAssoication>
	  </AssoicationList>
   </Entity>
</EntityList>