<EntityList name="NFMPFilterGroup" RootFilterExpression="$[?(@.className=='equipment.CardSlot')]" FilterHandler="com.nokia.nsw.uiv.adapter.handler.xml.NFMPL2VPNGenericNodeHandler">
	<Entity type="PhysicalComponent" markForAsso="true">
		<Filter>
			<ValueExpression>contains(/JsonRootNode/className,'equipment.CardSlot') and contains(/JsonRootNode/phyShelfClass,'ethSat')
			</ValueExpression>
		</Filter>
		<AttributeList>
			<Attribute>
				<Name>LocalName</Name>
				<ValueExpression>/JsonRootNode/name</ValueExpression>
				<Context>
					<ValueExpression/>
				</Context>
			</Attribute>
			<Attribute>
				<Name>Context</Name>
				<ValueExpression>substring-before(/JsonRootNode/objectFullName,concat(':',/JsonRootNode/name))</ValueExpression>
				<DefaultValue/>
			</Attribute>
			<Attribute>
				<Name>Kind</Name>
				<ValueExpression/>
				<DefaultValue>AggSlot</DefaultValue>
			</Attribute>
			<Attribute>
				<Name>Category</Name>
				<ValueExpression>/JsonRootNode/equippedChildType</ValueExpression>
				<DefaultValue/>
			</Attribute>
			<Attribute>
				<Name>SerialNumber</Name>
				<ValueExpression>/JsonRootNode/serialNumber</ValueExpression>
				<DefaultValue/>
			</Attribute>
			<Attribute>
				<Name>DiscoveredName</Name>
				<ValueExpression>/JsonRootNode/objectFullName</ValueExpression>
				<DefaultValue/>
			</Attribute>
			<Attribute>
				<Name>DisplayName</Name>
				<ValueExpression>/JsonRootNode/displayedName</ValueExpression>
				<DefaultValue/>
			</Attribute>
			
			<Attribute>
				<Name>Property</Name>
				<ValueExpression>/JsonRootNode/cardProtectionType</ValueExpression>
				<Key>cardProtectionType</Key>
			</Attribute>
			<Attribute>
				<Name>Property</Name>
				<ValueExpression>/JsonRootNode/cardLicensedBandwidth</ValueExpression>
				<Key>cardLicensedBandwidth</Key>
			</Attribute>
			<Attribute>
				<Name>Property</Name>
				<ValueExpression>/JsonRootNode/slotId</ValueExpression>
				<Key>slotId</Key>
			</Attribute>
			<Attribute>
				<Name>Property</Name>
				<ValueExpression>/JsonRootNode/shelfId</ValueExpression>
				<Key>shelfId</Key>
			</Attribute>
			<Attribute>
				<Name>Property</Name>
				<ValueExpression>/JsonRootNode/siteId</ValueExpression>
				<Key>siteId</Key>
			</Attribute>
			<Attribute>
				<Name>Property</Name>
				<ValueExpression>/JsonRootNode/siteName</ValueExpression>
				<Key>siteName</Key>
			</Attribute>
			<Attribute>
				<Name>Property</Name>
				<ValueExpression>/JsonRootNode/cleiCode</ValueExpression>
				<Key>cleiCode</Key>
			</Attribute>
			  <Attribute>
				<Name>Property</Name>
				<ValueExpression>/JsonRootNode/operationalState</ValueExpression>
				<Key>aggOperationalState</Key>
			</Attribute>
			<Attribute>
				<Name>Property</Name>
				<ValueExpression>/JsonRootNode/administrativeState</ValueExpression>
				<Key>aggAdministrativeState</Key>
			</Attribute>
		</AttributeList>
		<AssoicationList>
			<KeyBasedAssoication>
				<SelfKey>
					<Key>
						<Name>ShelftoCardSlot</Name>
						<ValueExpression>concat('ShelftoCardSlot/',substring-before(/JsonRootNode/objectFullName,':shelf'),':shelf',substring-after(substring-before(/JsonRootNode/objectFullName,':cardSlot'),':shelf'))</ValueExpression>
					</Key>
				</SelfKey>
				<JoinKey>
					<Association>
						<Target>PhysicalComponent</Target>
						<Type>CONTAINS</Type>
					</Association>
					<Key>
						<Name>CardSlotToCard</Name>
						<!--<ValueExpression>concat('CardSlotToCard/',/JsonRootNode/siteId,'/',/JsonRootNode/shelfId,'/',/JsonRootNode/slotId)</ValueExpression> -->
						<ValueExpression>/JsonRootNode/objectFullName</ValueExpression>
					</Key>
				</JoinKey>
				<JoinKey>
					<Association>
						<Target>PhysicalComponent</Target>
						<Type>CONTAINS</Type>
					</Association>
					<Key>
						<Name>CardSlotToCard1</Name>
						<!--<ValueExpression>concat('CardSlotToCard/',/JsonRootNode/siteId,'/',/JsonRootNode/shelfId,'/',/JsonRootNode/slotId)</ValueExpression> -->
						<ValueExpression>/JsonRootNode/objectFullName</ValueExpression>
					</Key>
				</JoinKey>
			</KeyBasedAssoication>
		</AssoicationList>
	</Entity>
	
	<Entity type="PhysicalComponent" markForAsso="true">
		<Filter>
			<ValueExpression>contains(/JsonRootNode/className,'equipment.CardSlot') and not (contains(/JsonRootNode/phyShelfClass,'ethSat'))
			</ValueExpression>
		</Filter>
		<AttributeList>
			<Attribute>
				<Name>LocalName</Name>
				<ValueExpression>/JsonRootNode/name</ValueExpression>
				<Context>
					<ValueExpression/>
				</Context>
			</Attribute>
			<Attribute>
				<Name>Context</Name>
				<ValueExpression>substring-before(/JsonRootNode/objectFullName,concat(':',/JsonRootNode/name))</ValueExpression>
				<DefaultValue/>
			</Attribute>
			<Attribute>
				<Name>Kind</Name>
				<ValueExpression/>
				<DefaultValue>AggSlot</DefaultValue>
			</Attribute>
			<Attribute>
				<Name>Category</Name>
				<ValueExpression>/JsonRootNode/equippedChildType</ValueExpression>
				<DefaultValue/>
			</Attribute>
			<Attribute>
				<Name>DiscoveredName</Name>
				<ValueExpression>/JsonRootNode/objectFullName</ValueExpression>
				<DefaultValue/>
			</Attribute>
			<Attribute>
				<Name>DisplayName</Name>
				<ValueExpression>/JsonRootNode/displayedName</ValueExpression>
				<DefaultValue/>
			</Attribute>
			<Attribute>
				<Name>SerialNumber</Name>
				<ValueExpression>/JsonRootNode/serialNumber</ValueExpression>
				<DefaultValue/>
			</Attribute>
		
			<Attribute>
				<Name>Property</Name>
				<ValueExpression>/JsonRootNode/cardProtectionType</ValueExpression>
				<Key>cardProtectionType</Key>
			</Attribute>
			<Attribute>
				<Name>Property</Name>
				<ValueExpression>/JsonRootNode/cardLicensedBandwidth</ValueExpression>
				<Key>cardLicensedBandwidth</Key>
			</Attribute>
			<Attribute>
				<Name>Property</Name>
				<ValueExpression>/JsonRootNode/slotId</ValueExpression>
				<Key>slotId</Key>
			</Attribute>
			<Attribute>
				<Name>Property</Name>
				<ValueExpression>/JsonRootNode/shelfId</ValueExpression>
				<Key>shelfId</Key>
			</Attribute>
			<Attribute>
				<Name>Property</Name>
				<ValueExpression>/JsonRootNode/siteId</ValueExpression>
				<Key>siteId</Key>
			</Attribute>
			<Attribute>
				<Name>Property</Name>
				<ValueExpression>/JsonRootNode/siteName</ValueExpression>
				<Key>siteName</Key>
			</Attribute>
			<Attribute>
				<Name>Property</Name>
				<ValueExpression>/JsonRootNode/cleiCode</ValueExpression>
				<Key>cleiCode</Key>
			</Attribute>
			  <Attribute>
				<Name>Property</Name>
				<ValueExpression>/JsonRootNode/operationalState</ValueExpression>
				<Key>aggOperationalState</Key>
			</Attribute>
			<Attribute>
				<Name>Property</Name>
				<ValueExpression>/JsonRootNode/administrativeState</ValueExpression>
				<Key>aggAdministrativeState</Key>
			</Attribute>
		</AttributeList>
		<AssoicationList>
			<KeyBasedAssoication>
				<SelfKey>
					<Key>
						<Name>ShelftoCardSlot</Name>
						<ValueExpression>concat('ShelftoCardSlot/',substring-before(/JsonRootNode/objectFullName,':shelf'),':shelf',substring-after(substring-before(/JsonRootNode/objectFullName,':cardSlot'),':shelf'))</ValueExpression>
					</Key>
				</SelfKey>
				<JoinKey>
					<Association>
						<Target>PhysicalComponent</Target>
						<Type>CONTAINS</Type>
					</Association>
					<Key>
						<Name>CardSlotToCard</Name>
						<!--<ValueExpression>concat('CardSlotToCard/',/JsonRootNode/siteId,'/',/JsonRootNode/shelfId,'/',/JsonRootNode/slotId)</ValueExpression> -->
						<ValueExpression>/JsonRootNode/objectFullName</ValueExpression>
					</Key>
				</JoinKey>
				<JoinKey>
					<Association>
						<Target>PhysicalComponent</Target>
						<Type>CONTAINS</Type>
					</Association>
					<Key>
						<Name>CardSlotToProcessorCard</Name>
						<!--<ValueExpression>concat('CardSlotToCard/',/JsonRootNode/siteId,'/',/JsonRootNode/shelfId,'/',/JsonRootNode/slotId)</ValueExpression> -->
						<ValueExpression>/JsonRootNode/objectFullName</ValueExpression>
					</Key>
				</JoinKey>
			</KeyBasedAssoication>
		</AssoicationList>
	</Entity>
</EntityList>
