<EntityList name="NFMPFilterGroup" RootFilterExpression="$[?(@.className=='equipment.Connector')]" FilterHandler="com.nokia.nsw.uiv.adapter.handler.xml.NFMPL2VPNGenericNodeHandler">
	<Entity type="PhysicalComponent" markForAsso="true">
		<Filter>
			<ValueExpression>(/JsonRootNode/className eq 'equipment.Connector') and contains(/JsonRootNode/phyShelfClass,'ethSat')</ValueExpression>
		</Filter>
		<AttributeList>
			<Attribute>
				<Name>LocalName</Name>
				<ValueExpression>/JsonRootNode/name</ValueExpression>
				<Context>
					<ValueExpression/>
				</Context>
			</Attribute>
			<Attribute>
				<Name>Context</Name>
				<ValueExpression>substring-before(/JsonRootNode/objectFullName,':conn-')</ValueExpression>
				<DefaultValue/>
			</Attribute>
			<Attribute>
				<Name>Kind</Name>
				<ValueExpression/>
				<!-- <ValueExpression>if(contains(/JsonRootNode/className,'ProcessorCard')) then 'ProcessorCard' else(if(contains(/JsonRootNode/className,'BaseCard')) then 'BaseCard' else 'Card')</ValueExpression> -->
				<DefaultValue>AggConnector</DefaultValue>
			</Attribute>
			
			<Attribute>
				<Name>Category</Name>
				<ValueExpression>/JsonRootNode/specificType</ValueExpression>
				<DefaultValue/>
			</Attribute>
			<Attribute>
				<Name>DiscoveredName</Name>
				<ValueExpression>/JsonRootNode/objectFullName</ValueExpression>
				<DefaultValue/>
			</Attribute>
			<Attribute>
				<Name>DisplayName</Name>
				<ValueExpression>/JsonRootNode/displayedName</ValueExpression>
				<DefaultValue/>
			</Attribute>
			<Attribute>
				<Name>Property</Name>
				<ValueExpression>/JsonRootNode/portId</ValueExpression>
				<Key>portId</Key>
			</Attribute>
			<Attribute>
				<Name>Property</Name>
				<ValueExpression>/JsonRootNode/portCategory</ValueExpression>
				<Key>portCategory</Key>
			</Attribute>
			<Attribute>
				<Name>Property</Name>
				<ValueExpression>/JsonRootNode/portClass</ValueExpression>
				<Key>portClass</Key>
			</Attribute>
			<Attribute>
				<Name>Property</Name>
				<ValueExpression>/JsonRootNode/specificType</ValueExpression>
				<Key>specificType</Key>
			</Attribute>
			<Attribute>
				<Name>Property</Name>
				<ValueExpression>/JsonRootNode/specificCardType</ValueExpression>
				<Key>specificCardType</Key>
			</Attribute>
			<Attribute>
				<Name>Property</Name>
				<ValueExpression>/JsonRootNode/description</ValueExpression>
				<Key>description</Key>
			</Attribute>
			<Attribute>
				<Name>Property</Name>
				<ValueExpression>/JsonRootNode/mode</ValueExpression>
				<Key>mode</Key>
			</Attribute>
			<Attribute>
				<Name>Property</Name>
				<ValueExpression>/JsonRootNode/encapType</ValueExpression>
				<Key>encapType</Key>
			</Attribute>
			<Attribute>
				<Name>Property</Name>
				<ValueExpression>/JsonRootNode/isLinkUp</ValueExpression>
				<Key>isLinkUp</Key>
			</Attribute>
			<Attribute>
				<Name>Property</Name>
				<ValueExpression>/JsonRootNode/state</ValueExpression>
				<Key>state</Key>
			</Attribute>
			<Attribute>
				<Name>Property</Name>
				<ValueExpression>/JsonRootNode/mtuValue</ValueExpression>
				<Key>mtuValue</Key>
			</Attribute>
			<Attribute>
				<Name>Property</Name>
				<ValueExpression>/JsonRootNode/operationalMTU</ValueExpression>
				<Key>operationalMTU</Key>
			</Attribute>
			<Attribute>
				<Name>Property</Name>
				<ValueExpression>/JsonRootNode/speed</ValueExpression>
				<Key>speed</Key>
			</Attribute>
			<Attribute>
				<Name>Property</Name>
				<ValueExpression>/JsonRootNode/actualSpeed</ValueExpression>
				<Key>actualSpeed</Key>
			</Attribute>
			<Attribute>
				<Name>Property</Name>
				<ValueExpression>/JsonRootNode/portName</ValueExpression>
				<Key>portName</Key>
			</Attribute>
			<Attribute>
				<Name>Property</Name>
				<ValueExpression>/JsonRootNode/siteId</ValueExpression>
				<Key>siteId</Key>
			</Attribute>
			<Attribute>
				<Name>Property</Name>
				<ValueExpression>/JsonRootNode/siteName</ValueExpression>
				<Key>siteName</Key>
			</Attribute>
			  <Attribute>
				<Name>Property</Name>
				<ValueExpression>/JsonRootNode/operationalState</ValueExpression>
				<Key>aggOperationalState</Key>
			</Attribute>
			<Attribute>
				<Name>Property</Name>
				<ValueExpression>/JsonRootNode/administrativeState</ValueExpression>
				<Key>aggAdministrativeState</Key>
			</Attribute>
			<Attribute>
				<Name>Property</Name>
				<ValueExpression>/JsonRootNode/name</ValueExpression>
				<Key>name</Key>
			</Attribute>
		</AttributeList>
		<AssoicationList>
			<KeyBasedAssoication>
				<!--
			<SelfKey>			
			<Key>
                  <Name>CardToConnector</Name>
                  <ValueExpression>replace(concat(/JsonRootNode/ne-id,'/',substring-before(substring-after(/JsonRootNode/parent,'equipment-id='),']')),"'","")</ValueExpression>
               </Key>	
             </SelfKey>
			 -->
				<SelfKey>
					<Key>
						<Name>DaughterCardToConnector</Name>
						<ValueExpression>concat('DaughterCardToConnector/',substring-before(/JsonRootNode/objectFullName,':conn-'))</ValueExpression>
					</Key>
				</SelfKey>
				<JoinKey>
					<Association>
						<Target>PhysicalPort</Target>
						<Type>CONTAINS</Type>
					</Association>
					<Key>
						<Name>ConnectortoPort</Name>
						<ValueExpression>/JsonRootNode/objectFullName</ValueExpression>
					</Key>
				</JoinKey>
			</KeyBasedAssoication>
		</AssoicationList>
	</Entity>
	
	<Entity type="PhysicalComponent" markForAsso="true">
		<Filter>
			<ValueExpression>(/JsonRootNode/className eq 'equipment.Connector') and not (contains(/JsonRootNode/phyShelfClass,'ethSat'))</ValueExpression>
		</Filter>
		<AttributeList>
			<Attribute>
				<Name>LocalName</Name>
				<ValueExpression>/JsonRootNode/name</ValueExpression>
				<Context>
					<ValueExpression/>
				</Context>
			</Attribute>
			<Attribute>
				<Name>Context</Name>
				<ValueExpression>substring-before(/JsonRootNode/objectFullName,':conn-')</ValueExpression>
				<DefaultValue/>
			</Attribute>
			<Attribute>
				<Name>Kind</Name>
				<ValueExpression/>
				<!-- <ValueExpression>if(contains(/JsonRootNode/className,'ProcessorCard')) then 'ProcessorCard' else(if(contains(/JsonRootNode/className,'BaseCard')) then 'BaseCard' else 'Card')</ValueExpression> -->
				<DefaultValue>AggConnector</DefaultValue>
			</Attribute>
		
			<Attribute>
				<Name>Category</Name>
				<ValueExpression>/JsonRootNode/specificType</ValueExpression>
				<DefaultValue/>
			</Attribute>
			<Attribute>
				<Name>DiscoveredName</Name>
				<ValueExpression>/JsonRootNode/objectFullName</ValueExpression>
				<DefaultValue/>
			</Attribute>
			<Attribute>
				<Name>DisplayName</Name>
				<ValueExpression>/JsonRootNode/displayedName</ValueExpression>
				<DefaultValue/>
			</Attribute>
			<Attribute>
				<Name>Property</Name>
				<ValueExpression>/JsonRootNode/portId</ValueExpression>
				<Key>portId</Key>
			</Attribute>
			<Attribute>
				<Name>Property</Name>
				<ValueExpression>/JsonRootNode/portCategory</ValueExpression>
				<Key>portCategory</Key>
			</Attribute>
			<Attribute>
				<Name>Property</Name>
				<ValueExpression>/JsonRootNode/portClass</ValueExpression>
				<Key>portClass</Key>
			</Attribute>
			<Attribute>
				<Name>Property</Name>
				<ValueExpression>/JsonRootNode/specificType</ValueExpression>
				<Key>specificType</Key>
			</Attribute>
			<Attribute>
				<Name>Property</Name>
				<ValueExpression>/JsonRootNode/specificCardType</ValueExpression>
				<Key>specificCardType</Key>
			</Attribute>
			<Attribute>
				<Name>Property</Name>
				<ValueExpression>/JsonRootNode/description</ValueExpression>
				<Key>description</Key>
			</Attribute>
			<Attribute>
				<Name>Property</Name>
				<ValueExpression>/JsonRootNode/mode</ValueExpression>
				<Key>mode</Key>
			</Attribute>
			<Attribute>
				<Name>Property</Name>
				<ValueExpression>/JsonRootNode/encapType</ValueExpression>
				<Key>encapType</Key>
			</Attribute>
			<Attribute>
				<Name>Property</Name>
				<ValueExpression>/JsonRootNode/isLinkUp</ValueExpression>
				<Key>isLinkUp</Key>
			</Attribute>
			<Attribute>
				<Name>Property</Name>
				<ValueExpression>/JsonRootNode/state</ValueExpression>
				<Key>state</Key>
			</Attribute>
			<Attribute>
				<Name>Property</Name>
				<ValueExpression>/JsonRootNode/mtuValue</ValueExpression>
				<Key>mtuValue</Key>
			</Attribute>
			<Attribute>
				<Name>Property</Name>
				<ValueExpression>/JsonRootNode/operationalMTU</ValueExpression>
				<Key>operationalMTU</Key>
			</Attribute>
			<Attribute>
				<Name>Property</Name>
				<ValueExpression>/JsonRootNode/speed</ValueExpression>
				<Key>speed</Key>
			</Attribute>
			<Attribute>
				<Name>Property</Name>
				<ValueExpression>/JsonRootNode/actualSpeed</ValueExpression>
				<Key>actualSpeed</Key>
			</Attribute>
			<Attribute>
				<Name>Property</Name>
				<ValueExpression>/JsonRootNode/portName</ValueExpression>
				<Key>portName</Key>
			</Attribute>
			<Attribute>
				<Name>Property</Name>
				<ValueExpression>/JsonRootNode/siteId</ValueExpression>
				<Key>siteId</Key>
			</Attribute>
			<Attribute>
				<Name>Property</Name>
				<ValueExpression>/JsonRootNode/siteName</ValueExpression>
				<Key>siteName</Key>
			</Attribute>
			  <Attribute>
				<Name>Property</Name>
				<ValueExpression>/JsonRootNode/operationalState</ValueExpression>
				<Key>aggOperationalState</Key>
			</Attribute>
			<Attribute>
				<Name>Property</Name>
				<ValueExpression>/JsonRootNode/administrativeState</ValueExpression>
				<Key>aggAdministrativeState</Key>
			</Attribute>
			<Attribute>
				<Name>Property</Name>
				<ValueExpression>/JsonRootNode/name</ValueExpression>
				<Key>name</Key>
			</Attribute>
		</AttributeList>
		<AssoicationList>
			<KeyBasedAssoication>
				<!--
			<SelfKey>			
			<Key>
                  <Name>CardToConnector</Name>
                  <ValueExpression>replace(concat(/JsonRootNode/ne-id,'/',substring-before(substring-after(/JsonRootNode/parent,'equipment-id='),']')),"'","")</ValueExpression>
               </Key>	
             </SelfKey>
			 -->
				<SelfKey>
					<Key>
						<Name>DaughterCardToConnector</Name>
						<ValueExpression>concat('DaughterCardToConnector/',substring-before(/JsonRootNode/objectFullName,':conn-'))</ValueExpression>
					</Key>
				</SelfKey>
				<JoinKey>
					<Association>
						<Target>PhysicalPort</Target>
						<Type>CONTAINS</Type>
					</Association>
					<Key>
						<Name>ConnectortoPort</Name>
						<ValueExpression>/JsonRootNode/objectFullName</ValueExpression>
					</Key>
				</JoinKey>
			</KeyBasedAssoication>
		</AssoicationList>
	</Entity>
</EntityList>
