<EntityList name="NFMPFilterGroup" RootFilterExpression="$[?(@.className=='equipment.DaughterCardSlot')]" FilterHandler="com.nokia.nsw.uiv.adapter.handler.xml.NFMPL2VPNGenericNodeHandler">
	<Entity type="PhysicalComponent" markForAsso="true">
		<Filter>
			<ValueExpression> (/JsonRootNode/className eq 'equipment.DaughterCardSlot') and contains(/JsonRootNode/phyShelfClass,'ethSat')</ValueExpression>
		</Filter>
		<AttributeList>
			<Attribute>
				<Name>LocalName</Name>
				<ValueExpression>/JsonRootNode/name</ValueExpression>
				<Context>
					<ValueExpression/>
				</Context>
			</Attribute>
			<Attribute>
				<Name>Context</Name>
				<ValueExpression>concat(substring-before(/JsonRootNode/objectFullName,concat(':',/JsonRootNode/name)),'-',/JsonRootNode/slotId)</ValueExpression>
				<DefaultValue/>
			</Attribute>
			<Attribute>
				<Name>Kind</Name>
				<ValueExpression/>
				<DefaultValue>AggSlot</DefaultValue>
			</Attribute>
			<Attribute>
				<Name>Category</Name>
				<ValueExpression>/JsonRootNode/equippedChildType</ValueExpression>
				<DefaultValue/>
			</Attribute>
			<Attribute>
				<Name>SerialNumber</Name>
				<ValueExpression>/JsonRootNode/serialNumber</ValueExpression>
				<DefaultValue/>
			</Attribute>
			<Attribute>
				<Name>DiscoveredName</Name>
				<ValueExpression>/JsonRootNode/objectFullName</ValueExpression>
				<DefaultValue/>
			</Attribute>
			<Attribute>
				<Name>DisplayName</Name>
				<ValueExpression>/JsonRootNode/displayedName</ValueExpression>
				<DefaultValue/>
			</Attribute>
			
			<Attribute>
				<Name>Property</Name>
				<ValueExpression>/JsonRootNode/mdaLicensedBandwidth</ValueExpression>
				<Key>mdaLicensedBandwidth</Key>
			</Attribute>
			<Attribute>
				<Name>Property</Name>
				<ValueExpression>/JsonRootNode/slotId</ValueExpression>
				<Key>slotId</Key>
			</Attribute>
			<Attribute>
				<Name>Property</Name>
				<ValueExpression>/JsonRootNode/shelfId</ValueExpression>
				<Key>shelfId</Key>
			</Attribute>
			<Attribute>
				<Name>Property</Name>
				<ValueExpression>/JsonRootNode/siteId</ValueExpression>
				<Key>siteId</Key>
			</Attribute>
			<Attribute>
				<Name>Property</Name>
				<ValueExpression>/JsonRootNode/daughterCardSlotId</ValueExpression>
				<Key>daughterCardSlotId</Key>
			</Attribute>
			<Attribute>
				<Name>Property</Name>
				<ValueExpression>/JsonRootNode/siteName</ValueExpression>
				<Key>siteName</Key>
			</Attribute>
			<Attribute>
				<Name>Property</Name>
				<ValueExpression>/JsonRootNode/cleiCode</ValueExpression>
				<Key>cleiCode</Key>
			</Attribute>
			<Attribute>
				<Name>Property</Name>
				<ValueExpression>/JsonRootNode/hwName</ValueExpression>
				<Key>hwName</Key>
			</Attribute>
			<Attribute>
				<Name>Property</Name>
				<ValueExpression>/JsonRootNode/equipmentState</ValueExpression>
				<Key>equipmentState</Key>
			</Attribute>
			<Attribute>
				<Name>Property</Name>
				<ValueExpression>/JsonRootNode/isEquipped</ValueExpression>
				<Key>isEquipped</Key>
			</Attribute>
			  <Attribute>
				<Name>Property</Name>
				<ValueExpression>/JsonRootNode/operationalState</ValueExpression>
				<Key>aggOperationalState</Key>
			</Attribute>
			<Attribute>
				<Name>Property</Name>
				<ValueExpression>/JsonRootNode/administrativeState</ValueExpression>
				<Key>aggAdministrativeState</Key>
			</Attribute>
		</AttributeList>
		<AssoicationList>
			<KeyBasedAssoication>
				<SelfKey>
					<Key>
						<Name>CardToDaughterCardslot</Name>
						<!-- <ValueExpression>concat('CardSlotToCard/',/JsonRootNode/siteId,'/',/JsonRootNode/shelfId,'/',/JsonRootNode/slotId,'/Car</ValueExpression> 
				  <ValueExpression>substring-before(/JsonRootNode/objectFullName,concat(':',/JsonRootNode/name))</ValueExpression>-->
						<ValueExpression>concat(substring-before(/JsonRootNode/objectFullName,concat(':',/JsonRootNode/name)),'-',/JsonRootNode/slotId)</ValueExpression>
					</Key>
				</SelfKey>
				<JoinKey>
					<Association>
						<Target>PhysicalComponent</Target>
						<Type>CONTAINS</Type>
					</Association>
					<Key>
						<Name>DaughterCardSlotToDaughterCard</Name>
						<ValueExpression>concat(substring-before(/JsonRootNode/objectFullName,concat(':',/JsonRootNode/name)),'-',/JsonRootNode/slotId,':',/JsonRootNode/name)</ValueExpression>
						<!--<ValueExpression>concat('DaughterCardSlotToDaughterCard/',/JsonRootNode/siteId,'/',/JsonRootNode/shelfId,'/',/JsonRootNode/slotId,'/',/JsonRootNode/daughterCardSlotId)</ValueExpression>-->
					</Key>
				</JoinKey>
			</KeyBasedAssoication>
		</AssoicationList>
	</Entity>
	
	<Entity type="PhysicalComponent" markForAsso="true">
		<Filter>
			<ValueExpression> (/JsonRootNode/className eq 'equipment.DaughterCardSlot') and not (contains(/JsonRootNode/phyShelfClass,'ethSat'))</ValueExpression>
		</Filter>
		<AttributeList>
			<Attribute>
				<Name>LocalName</Name>
				<ValueExpression>/JsonRootNode/name</ValueExpression>
				<Context>
					<ValueExpression/>
				</Context>
			</Attribute>
			<Attribute>
				<Name>Context</Name>
				<ValueExpression>concat(substring-before(/JsonRootNode/objectFullName,concat(':',/JsonRootNode/name)),'-',/JsonRootNode/slotId)</ValueExpression>
				<DefaultValue/>
			</Attribute>
			<Attribute>
				<Name>Kind</Name>
				<ValueExpression/>
				<DefaultValue>AggSlot</DefaultValue>
			</Attribute>
			<Attribute>
				<Name>Category</Name>
				<ValueExpression>/JsonRootNode/equippedChildType</ValueExpression>
				<DefaultValue/>
			</Attribute>
			<Attribute>
				<Name>SerialNumber</Name>
				<ValueExpression>/JsonRootNode/serialNumber</ValueExpression>
				<DefaultValue/>
			</Attribute>
			<Attribute>
				<Name>DiscoveredName</Name>
				<ValueExpression>/JsonRootNode/objectFullName</ValueExpression>
				<DefaultValue/>
			</Attribute>
			<Attribute>
				<Name>DisplayName</Name>
				<ValueExpression>/JsonRootNode/displayedName</ValueExpression>
				<DefaultValue/>
			</Attribute>
			
			<Attribute>
				<Name>Property</Name>
				<ValueExpression>/JsonRootNode/mdaLicensedBandwidth</ValueExpression>
				<Key>mdaLicensedBandwidth</Key>
			</Attribute>
			<Attribute>
				<Name>Property</Name>
				<ValueExpression>/JsonRootNode/slotId</ValueExpression>
				<Key>slotId</Key>
			</Attribute>
			<Attribute>
				<Name>Property</Name>
				<ValueExpression>/JsonRootNode/shelfId</ValueExpression>
				<Key>shelfId</Key>
			</Attribute>
			<Attribute>
				<Name>Property</Name>
				<ValueExpression>/JsonRootNode/siteId</ValueExpression>
				<Key>siteId</Key>
			</Attribute>
			<Attribute>
				<Name>Property</Name>
				<ValueExpression>/JsonRootNode/daughterCardSlotId</ValueExpression>
				<Key>daughterCardSlotId</Key>
			</Attribute>
			<Attribute>
				<Name>Property</Name>
				<ValueExpression>/JsonRootNode/siteName</ValueExpression>
				<Key>siteName</Key>
			</Attribute>
			<Attribute>
				<Name>Property</Name>
				<ValueExpression>/JsonRootNode/cleiCode</ValueExpression>
				<Key>cleiCode</Key>
			</Attribute>
			<Attribute>
				<Name>Property</Name>
				<ValueExpression>/JsonRootNode/hwName</ValueExpression>
				<Key>hwName</Key>
			</Attribute>
			<Attribute>
				<Name>Property</Name>
				<ValueExpression>/JsonRootNode/equipmentState</ValueExpression>
				<Key>equipmentState</Key>
			</Attribute>
			<Attribute>
				<Name>Property</Name>
				<ValueExpression>/JsonRootNode/isEquipped</ValueExpression>
				<Key>isEquipped</Key>
			</Attribute>
			  <Attribute>
				<Name>Property</Name>
				<ValueExpression>/JsonRootNode/operationalState</ValueExpression>
				<Key>aggOperationalState</Key>
			</Attribute>
			<Attribute>
				<Name>Property</Name>
				<ValueExpression>/JsonRootNode/administrativeState</ValueExpression>
				<Key>aggAdministrativeState</Key>
			</Attribute>
		</AttributeList>
		<AssoicationList>
			<KeyBasedAssoication>
				<SelfKey>
					<Key>
						<Name>XIOMToDaughterCardslot</Name>
						<!-- <ValueExpression>concat('CardSlotToCard/',/JsonRootNode/siteId,'/',/JsonRootNode/shelfId,'/',/JsonRootNode/slotId)</ValueExpression>-->
						<ValueExpression>concat(/JsonRootNode/siteName,'/',substring-before(/JsonRootNode/objectFullName,':xioSlot'),':xioSlot-',/JsonRootNode/xiomCardSlotId,':xiomCard')</ValueExpression>
					</Key>
				</SelfKey>
				<SelfKey>
					<Key>
						<Name>CardToDaughterCardslot</Name>
						<!-- <ValueExpression>concat('CardSlotToCard/',/JsonRootNode/siteId,'/',/JsonRootNode/shelfId,'/',/JsonRootNode/slotId,'/Car</ValueExpression> 
				  <ValueExpression>substring-before(/JsonRootNode/objectFullName,concat(':',/JsonRootNode/name))</ValueExpression>-->
						<ValueExpression>concat(substring-before(/JsonRootNode/objectFullName,concat(':',/JsonRootNode/name)),'-',/JsonRootNode/slotId)</ValueExpression>
					</Key>
				</SelfKey>
				<JoinKey>
					<Association>
						<Target>PhysicalComponent</Target>
						<Type>CONTAINS</Type>
					</Association>
					<Key>
						<Name>DaughterCardSlotToDaughterCard</Name>
						<ValueExpression>concat(substring-before(/JsonRootNode/objectFullName,concat(':',/JsonRootNode/name)),'-',/JsonRootNode/slotId,':',/JsonRootNode/name)</ValueExpression>
						<!--<ValueExpression>concat('DaughterCardSlotToDaughterCard/',/JsonRootNode/siteId,'/',/JsonRootNode/shelfId,'/',/JsonRootNode/slotId,'/',/JsonRootNode/daughterCardSlotId)</ValueExpression>-->
					</Key>
				</JoinKey>
			</KeyBasedAssoication>
		</AssoicationList>
	</Entity>
</EntityList>
