 	<EntityList name="NFMPFilterGroup" RootFilterExpression="$[?(@.className=='lag.Interface')]" FilterHandler="com.nokia.nsw.uiv.adapter.handler.xml.NFMPL2VPNGenericNodeHandler">
	<Entity type="LogicalInterface" markForAsso="true">
		<Filter>
			<ValueExpression>(/JsonRootNode/className eq 'lag.Interface') 
			</ValueExpression>
		</Filter>
		<AttributeList>
			<Attribute>
				<Name>LocalName</Name>
				<ValueExpression>concat('Lag ',substring-after(/JsonRootNode/name,'-'))</ValueExpression>
				<Context>
					<ValueExpression/>
				</Context>
			</Attribute>
			<Attribute>
				<Name>Context</Name>
				<ValueExpression>concat('network,',/JsonRootNode/siteName)</ValueExpression>
				<DefaultValue/>
			</Attribute>
			<Attribute>
				<Name>Kind</Name>
				<ValueExpression/>
				<DefaultValue>AggLag</DefaultValue>
			</Attribute>
			<Attribute>
				<Name>Category</Name>
				<ValueExpression/>
				<DefaultValue>Lag Interface</DefaultValue>
			</Attribute>
			<Attribute>
				<Name>DiscoveredName</Name>
				<ValueExpression>/JsonRootNode/objectFullName</ValueExpression>
				<DefaultValue/>
			</Attribute>
			<Attribute>
				<Name>DisplayName</Name>
				<ValueExpression>concat(/JsonRootNode/siteName,':lag:',/JsonRootNode/name)</ValueExpression>
				<DefaultValue/>
			</Attribute>
			<Attribute>
				<Name>Property</Name>
				<ValueExpression>/JsonRootNode/siteName</ValueExpression>
				<Key>siteName</Key>
			</Attribute>
			<Attribute>
				<Name>Property</Name>
				<ValueExpression>/JsonRootNode/siteId</ValueExpression>
				<Key>siteId</Key>
			</Attribute>
			  <Attribute>
				<Name>Property</Name>
				<ValueExpression>/JsonRootNode/operationalState</ValueExpression>
				<Key>aggOperationalState</Key>
			</Attribute>
			<Attribute>
				<Name>Property</Name>
				<ValueExpression>/JsonRootNode/administrativeState</ValueExpression>
				<Key>aggAdministrativeState</Key>
			</Attribute>
			<Attribute>
				<Name>Property</Name>
				<ValueExpression>/JsonRootNode/primaryLagMemberId</ValueExpression>
				<Key>PrimaryLagMemberId</Key>
			</Attribute>
			<Attribute>
				<Name>Property</Name>
				<ValueExpression>/JsonRootNode/primaryLagMemberName</ValueExpression>
				<Key>PrimaryLagMemberName</Key>
			</Attribute>
			<Attribute>
				<Name>Property</Name>
				<ValueExpression>/JsonRootNode/lagSize</ValueExpression>
				<Key>LagSize</Key>
			</Attribute>
			<Attribute>
				<Name>Property</Name>
				<ValueExpression>/JsonRootNode/lagAggrType</ValueExpression>
				<Key>LagAggrType</Key>
			</Attribute>
			<Attribute>
				<Name>Property</Name>
				<ValueExpression>/JsonRootNode/isl2UplinkMode</ValueExpression>
				<Key>Isl2UplinkMode</Key>
			</Attribute>
			<Attribute>
				<Name>Property</Name>
				<ValueExpression>/JsonRootNode/lagLoadBalancing</ValueExpression>
				<Key>LagLoadBalancing</Key>
			</Attribute>
			<Attribute>
				<Name>Property</Name>
				<ValueExpression>/JsonRootNode/isLinkUp</ValueExpression>
				<Key>IsLinkUp</Key>
			</Attribute>
			<Attribute>
				<Name>Property</Name>
				<ValueExpression>/JsonRootNode/description</ValueExpression>
				<Key>Description</Key>
			</Attribute>
			<Attribute>
				<Name>Property</Name>
				<ValueExpression>/JsonRootNode/isMcLagParticipant</ValueExpression>
				<Key>IsMcLagParticipant</Key>
			</Attribute>
			<Attribute>
				<Name>Property</Name>
				<ValueExpression>/JsonRootNode/portClass</ValueExpression>
				<Key>PortClass</Key>
			</Attribute>
			<Attribute>
				<Name>Property</Name>
				<ValueExpression>/JsonRootNode/specificType</ValueExpression>
				<Key>SpecificType</Key>
			</Attribute>
			<Attribute>
				<Name>Property</Name>
				<ValueExpression>/JsonRootNode/lagAttachedPorts</ValueExpression>
				<Key>LagAttachedPorts</Key>
			</Attribute>
			<Attribute>
				<Name>Property</Name>
				<ValueExpression>/JsonRootNode/snmpPortId</ValueExpression>
				<Key>SnmpPortId</Key>
			</Attribute>
			<Attribute>
				<Name>Property</Name>
				<ValueExpression>/JsonRootNode/baseMacAddress</ValueExpression>
				<Key>BaseMacAddress</Key>
			</Attribute>
			<Attribute>
				<Name>Property</Name>
				<ValueExpression>/JsonRootNode/vlanAutoBind</ValueExpression>
				<Key>VlanAutoBind</Key>
			</Attribute>
			<Attribute>
				<Name>Property</Name>
				<ValueExpression>/JsonRootNode/hasConnections</ValueExpression>
				<Key>hasConnections</Key>
			</Attribute>
			<Attribute>
				<Name>Property</Name>
				<ValueExpression>/JsonRootNode/portVlanXlation</ValueExpression>
				<Key>PortVlanXlation</Key>
			</Attribute>
			<Attribute>
				<Name>Property</Name>
				<ValueExpression>/JsonRootNode/lagLosProp</ValueExpression>
				<Key>LagLosProp</Key>
			</Attribute>
			<Attribute>
				<Name>Property</Name>
				<ValueExpression>/JsonRootNode/lagType</ValueExpression>
				<Key>LagType</Key>
			</Attribute>
			<Attribute>
				<Name>Property</Name>
				<ValueExpression>/JsonRootNode/isEquipmentInserted</ValueExpression>
				<Key>IsEquipmentInserted</Key>
			</Attribute>
			<Attribute>
				<Name>Property</Name>
				<ValueExpression>/JsonRootNode/channelSize</ValueExpression>
				<Key>ChannelSize</Key>
			</Attribute>
			<Attribute>
				<Name>Property</Name>
				<ValueExpression>/JsonRootNode/lagConfiguredSpeed</ValueExpression>
				<Key>lagConfiguredSpeed</Key>
			</Attribute>
		</AttributeList>
		<AssoicationList>
			<KeyBasedAssoication>
				<SelfKey>
					<Key>
						<Name>LagSAP</Name>
						<!-- <ValueExpression>concat('CardSlotToCard/',/JsonRootNode/siteId,'/',/JsonRootNode/shelfId,'/',/JsonRootNode/slotId)</ValueExpression>-->
						<ValueExpression>/JsonRootNode/objectFullName</ValueExpression>
					</Key>
				</SelfKey>
				<SelfKey>
					<Key>
						<Name>MCLAGPort</Name>
						<!-- <ValueExpression>concat('CardSlotToCard/',/JsonRootNode/siteId,'/',/JsonRootNode/shelfId,'/',/JsonRootNode/slotId)</ValueExpression>-->
						<ValueExpression>/JsonRootNode/objectFullName</ValueExpression>
					</Key>
				</SelfKey>
				<SelfKey>
					<Key>
						<Name>MCLAGPort1</Name>
						<!-- <ValueExpression>concat('CardSlotToCard/',/JsonRootNode/siteId,'/',/JsonRootNode/shelfId,'/',/JsonRootNode/slotId)</ValueExpression>-->
						<ValueExpression>/JsonRootNode/objectFullName</ValueExpression>
					</Key>
				</SelfKey>
				<SelfKey>
					<Key>
						<Name>LaglogicaltoNokia</Name>
						<!-- <ValueExpression>concat('CardSlotToCard/',/JsonRootNode/siteId,'/',/JsonRootNode/shelfId,'/',/JsonRootNode/slotId)</ValueExpression>-->
						<ValueExpression>/JsonRootNode/siteId</ValueExpression>
					</Key>
				</SelfKey>
				<JoinKey>
					<Association>
						<Target>LogicalInterface</Target>
						<Type>CONTAINS</Type>
					</Association>
					<Key>
						<Name>Lagportinterface</Name>
						<ValueExpression>/JsonRootNode/objectFullName</ValueExpression>
					</Key>
				</JoinKey>
			</KeyBasedAssoication>
		</AssoicationList>
	</Entity>
</EntityList>
