<EntityList name="Core5GFilterGroup" RootFilterExpression="$[?(@.className=='lag.PortTermination')]" FilterHandler="com.nokia.nsw.uiv.adapter.handler.xml.NFMPL2VPNGenericNodeHandler">
	<Entity type="LogicalInterface" markForAsso="true">
		<Filter>
			<ValueExpression>(/JsonRootNode/className eq 'lag.PortTermination')</ValueExpression>
		</Filter>
		<AttributeList>
			<Attribute>
				<Name>LocalName</Name>
				<ValueExpression>substring-after(/JsonRootNode/objectFullName,'network:')</ValueExpression>
				<Context>
					<ValueExpression/>
				</Context>
			</Attribute>
			<Attribute>
				<Name>Context</Name>
				<ValueExpression>substring-before(/JsonRootNode/objectFullName,':')</ValueExpression>
				<DefaultValue/>
			</Attribute>
			<Attribute>
				<Name>Kind</Name>
				<ValueExpression/>
				<DefaultValue>AggLagPort</DefaultValue>
			</Attribute>
			
			<Attribute>
				<Name>Category</Name>
				<ValueExpression/>
				<DefaultValue>LAG Port Interface</DefaultValue>
			</Attribute>
			<Attribute>
				<Name>DiscoveredName</Name>
				<ValueExpression>/JsonRootNode/objectFullName</ValueExpression>
				<DefaultValue/>
			</Attribute>
			<Attribute>
				<Name>DisplayName</Name>
				<ValueExpression>/JsonRootNode/displayedName</ValueExpression>
				<DefaultValue/>
			</Attribute>
			<Attribute>
				<Name>Property</Name>
				<ValueExpression>/JsonRootNode/nodeName</ValueExpression>
				<Key>siteName</Key>
			</Attribute>
			<Attribute>
				<Name>Property</Name>
				<ValueExpression>/JsonRootNode/nodeId</ValueExpression>
				<Key>siteId</Key>
			</Attribute>
			  <Attribute>
				<Name>Property</Name>
				<ValueExpression>/JsonRootNode/operationalState</ValueExpression>
				<Key>aggOperationalState</Key>
			</Attribute>
			<Attribute>
				<Name>Property</Name>
				<ValueExpression>/JsonRootNode/administrativeState</ValueExpression>
				<Key>aggAdministrativeState</Key>
			</Attribute>
			<Attribute>
				<Name>Property</Name>
				<ValueExpression>/JsonRootNode/terminatedPortPointer</ValueExpression>
				<Key>TerminatedPortPointer</Key>
			</Attribute>
			<Attribute>
				<Name>Property</Name>
				<ValueExpression>/JsonRootNode/nodeId</ValueExpression>
				<Key>nodeId</Key>
			</Attribute>
			<Attribute>
				<Name>Property</Name>
				<ValueExpression>/JsonRootNode/provisionedMtu</ValueExpression>
				<Key>ProvisionedMtu</Key>
			</Attribute>
			<Attribute>
				<Name>Property</Name>
				<ValueExpression>/JsonRootNode/portPointer</ValueExpression>
				<Key>PortPointer</Key>
			</Attribute>
			<Attribute>
				<Name>Property</Name>
				<ValueExpression>/JsonRootNode/actualMtu</ValueExpression>
				<Key>ActualMtu</Key>
			</Attribute>
			<Attribute>
				<Name>Property</Name>
				<ValueExpression>/JsonRootNode/lagId</ValueExpression>
				<Key>LagId</Key>
			</Attribute>
			<Attribute>
				<Name>Property</Name>
				<ValueExpression>/JsonRootNode/encapType</ValueExpression>
				<Key>EncapType</Key>
			</Attribute>
			<Attribute>
				<Name>Property</Name>
				<ValueExpression>/JsonRootNode/terminationParticipationType</ValueExpression>
				<Key>TerminationParticipationType</Key>
			</Attribute>
			<Attribute>
				<Name>Property</Name>
				<ValueExpression>/JsonRootNode/displayedName</ValueExpression>
				<Key>SiteDisplay</Key>
			</Attribute>
			<Attribute>
				<Name>Property</Name>
				<ValueExpression>/JsonRootNode/ctpPointer</ValueExpression>
				<Key>CtpPointer</Key>
			</Attribute>
			<Attribute>
				<Name>Property</Name>
				<ValueExpression>/JsonRootNode/portPartnerOperSystemId</ValueExpression>
				<Key>PortPartnerOperSystemId</Key>
			</Attribute>
			<Attribute>
				<Name>Property</Name>
				<ValueExpression>/JsonRootNode/portIfIndex</ValueExpression>
				<Key>PortIfIndex</Key>
			</Attribute>
			<Attribute>
				<Name>Property</Name>
				<ValueExpression>/JsonRootNode/terminatedPortOuterEncapValue</ValueExpression>
				<Key>OuterEncapValue</Key>
			</Attribute>
			<Attribute>
				<Name>Property</Name>
				<!-- <ValueExpression>/JsonRootNode/deploymentState</ValueExpression> -->
				<ValueExpression>if(/JsonRootNode/deploymentState = 0) then "deployed" else /JsonRootNode/deploymentState</ValueExpression>
				<Key>DeploymentState</Key>
			</Attribute>
			<Attribute>
				<Name>Property</Name>
				<ValueExpression>/JsonRootNode/portId</ValueExpression>
				<Key>PortId</Key>
			</Attribute>
			<Attribute>
				<Name>Property</Name>
				<ValueExpression>/JsonRootNode/terminatedPortInnerEncapValue</ValueExpression>
				<Key>innerEncapValue</Key>
			</Attribute>
			<Attribute>
				<Name>Property</Name>
				<ValueExpression>/JsonRootNode/lagPortState</ValueExpression>
				<Key>LagPortState</Key>
			</Attribute>
			<Attribute>
				<Name>Property</Name>
				<ValueExpression>/JsonRootNode/terminatedObjectId</ValueExpression>
				<Key>TerminatedObjectId</Key>
			</Attribute>
		</AttributeList>
		<AssoicationList>
			<KeyBasedAssoication>
				<SelfKey>
					<Key>
						<Name>Lagportinterface</Name>
						<!--<ValueExpression>concat('CardSlotToCard/',/JsonRootNode/siteId,'/',/JsonRootNode/shelfId,'/',/JsonRootNode/slotId)</ValueExpression>-->
						<ValueExpression>substring-before(/JsonRootNode/objectFullName,':port-')</ValueExpression>
					</Key>
				</SelfKey>
				<JoinKey>
					<Association>
						<Target>PhysicalPort</Target>
						<Type>UTILIZES_RESOURCE</Type>
					</Association>
					<Key>
						<Name>SAPPort</Name>
						<ValueExpression>/JsonRootNode/terminatedPortPointer</ValueExpression>
					</Key>
				</JoinKey>
			</KeyBasedAssoication>
		</AssoicationList>
	</Entity>
</EntityList>
