<EntityList name="NFMPFilterGroup" RootFilterExpression="$[?(@.className=='multichassis.MultiChassisLag')]" FilterHandler="com.nokia.nsw.uiv.adapter.handler.xml.NFMPL2VPNGenericNodeHandler">
	<Entity type="LogicalInterface" markForAsso="true">
		<Filter>
			<ValueExpression>(/JsonRootNode/className eq 'multichassis.MultiChassisLag') 
			</ValueExpression>
		</Filter>
		<AttributeList>
			<Attribute>
				<Name>LocalName</Name>
				<ValueExpression>substring-after(/JsonRootNode/objectFullName,':')</ValueExpression>
				<Context>
					<ValueExpression/>
				</Context>
			</Attribute>
			<Attribute>
				<Name>Context</Name>
				<ValueExpression>substring-before(/JsonRootNode/objectFullName,':')</ValueExpression>
				<DefaultValue/>
			</Attribute>
			<Attribute>
				<Name>Kind</Name>
				<ValueExpression/>
				<DefaultValue>AggMcLag</DefaultValue>
			</Attribute>
			<Attribute>
				<Name>Category</Name>
				<ValueExpression/>
				<DefaultValue>MC Lag  Interface</DefaultValue>
			</Attribute>
			<Attribute>
				<Name>DiscoveredName</Name>
				<ValueExpression>/JsonRootNode/objectFullName</ValueExpression>
				<DefaultValue/>
			</Attribute>
			<Attribute>
				<Name>DisplayName</Name>
				<ValueExpression>/JsonRootNode/name</ValueExpression>
				<DefaultValue/>
			</Attribute>
			  <Attribute>
				<Name>Property</Name>
				<ValueExpression>/JsonRootNode/operationalState</ValueExpression>
				<Key>aggOperationalState</Key>
			</Attribute>
			<Attribute>
				<Name>Property</Name>
				<ValueExpression>/JsonRootNode/administrativeState</ValueExpression>
				<Key>aggAdministrativeState</Key>
			</Attribute>
			<Attribute>
				<Name>Property</Name>
				<ValueExpression>/JsonRootNode/firstIpAddress</ValueExpression>
				<Key>FirstIpAddress</Key>
			</Attribute>
			<Attribute>
				<Name>Property</Name>
				<ValueExpression>/JsonRootNode/secondIpAddress</ValueExpression>
				<Key>SecondIpAddress</Key>
			</Attribute>
			<Attribute>
				<Name>Property</Name>
				<ValueExpression>/JsonRootNode/systemId</ValueExpression>
				<Key>systemId</Key>
			</Attribute>
			<Attribute>
				<Name>Property</Name>
				<ValueExpression>/JsonRootNode/firstMcLagMemberPointer</ValueExpression>
				<Key>FirstMcLagMemberPointer</Key>
			</Attribute>
			<Attribute>
				<Name>Property</Name>
				<ValueExpression>/JsonRootNode/secondMcLagMemberPointer</ValueExpression>
				<Key>SecondMcLagMemberPointer</Key>
			</Attribute>
			<Attribute>
				<Name>Property</Name>
				<ValueExpression>/JsonRootNode/firstLagInterfacePointer</ValueExpression>
				<Key>FirstLagInterfacePointer</Key>
			</Attribute>
			<Attribute>
				<Name>Property</Name>
				<ValueExpression>/JsonRootNode/secondLagInterfacePointer</ValueExpression>
				<Key>SecondLagInterfacePointer</Key>
			</Attribute>
			<Attribute>
				<Name>Property</Name>
				<ValueExpression>/JsonRootNode/firstMcLagMemberPointer</ValueExpression>
				<Key>FirstMcLagMemberPointer</Key>
			</Attribute>
			<Attribute>
				<Name>Property</Name>
				<ValueExpression>/JsonRootNode/secondMcLagMemberPointer</ValueExpression>
				<Key>SecondMcLagMemberPointer</Key>
			</Attribute>
			<Attribute>
				<Name>Property</Name>
				<ValueExpression>/JsonRootNode/firstPeerPointer</ValueExpression>
				<Key>FirstPeerPointer</Key>
			</Attribute>
			<Attribute>
				<Name>Property</Name>
				<ValueExpression>/JsonRootNode/secondPeerPointer</ValueExpression>
				<Key>SecondPeerPointer</Key>
			</Attribute>
		</AttributeList>
		<AssoicationList>
			<KeyBasedAssoication>
				<SelfKey>
					<Key>
						<Name>VPLSSAP23</Name>
						<!-- <ValueExpression>concat('CardSlotToCard/',/JsonRootNode/siteId,'/',/JsonRootNode/shelfId,'/',/JsonRootNode/slotId)</ValueExpression>-->
						<ValueExpression>substring-before(substring-after(/JsonRootNode/objectFullName,':'),':')</ValueExpression>
					</Key>
				</SelfKey>
				<SelfKey>
					<Key>
						<Name>Laglogical</Name>
						<!-- <ValueExpression>concat('CardSlotToCard/',/JsonRootNode/siteId,'/',/JsonRootNode/shelfId,'/',/JsonRootNode/slotId)</ValueExpression>-->
						<ValueExpression>/JsonRootNode/firstIpAddress</ValueExpression>
					</Key>
				</SelfKey>
				<SelfKey>
					<Key>
						<Name>Laglogical1</Name>
						<!-- <ValueExpression>concat('CardSlotToCard/',/JsonRootNode/siteId,'/',/JsonRootNode/shelfId,'/',/JsonRootNode/slotId)</ValueExpression>-->
						<ValueExpression>/JsonRootNode/secondIpAddress</ValueExpression>
					</Key>
				</SelfKey>
				<JoinKey>
					<Association>
						<Target>LogicalInterface</Target>
						<Type>UTILIZES_RESOURCE</Type>
					</Association>
					<Key>
						<Name>MCLAGPLaglogicaltoNokiaort</Name>
						<ValueExpression>/JsonRootNode/firstLagInterfacePointer</ValueExpression>
					</Key>
				</JoinKey>
				<JoinKey>
					<Association>
						<Target>LogicalInterface</Target>
						<Type>UTILIZES_RESOURCE</Type>
					</Association>
					<Key>
						<Name>MCLAGPort1</Name>
						<ValueExpression>/JsonRootNode/secondLagInterfacePointer</ValueExpression>
					</Key>
				</JoinKey>
			</KeyBasedAssoication>
		</AssoicationList>
	</Entity>
</EntityList>
