{
  "resultFilter": {
    "netw.NetworkElement": "className,siteName,objectFullName,name,displayedName,mgmtIpAddrType,operationalState,administrativeState,pbbSrcBVplsMacAddr,ipAddress,systemAddress,chassisType,chassisMode,version,systemCpmType,licenseConsumed,licensedProduct,siteId",
    "equipment.Shelf": "className,objectFullName,administrativeState,operationalState,phyShelfNumPowerSupplies,phyShelfState,shelfId,siteId,siteName,phyShelfClass,name,shelfType,hwName,serialNumber",
    "equipment.Slot":"className,phyShelfClass,name,objectFullName,equippedChildType,displayedName,cardProtectionType,cardLicensedBandwidth,slotId,shelfId,siteId,siteName,serialNumber,cleiCode,operationalState,administrativeState,mdaLicensedBandwidth,daughterCardSlotId,hwName,equipmentState,isEquipped,xiomCardSlotId,isEquipmentInserted,isTempSensorAvailable,deploymentState,mgmtIpAddrType,ipAddress,systemAddress,chassisType,chassisMode,version,systemCpmType,licenseConsumed,licensedProduct",
    "equipment.CardSlot":"className,phyShelfClass,name,objectFullName,equippedChildType,displayedName,cardProtectionType,cardLicensedBandwidth,slotId,shelfId,siteId,siteName,serialNumber,cleiCode,operationalState,administrativeState",
    "equipment.DaughterCardSlot":"className,phyShelfClass,name,objectFullName,slotId,equippedChildType,displayedName,mdaLicensedBandwidth,shelfId,siteId,daughterCardSlotId,siteName,serialNumber,cleiCode,hwName,equipmentState,isEquipped,operationalState,administrativeState,xiomCardSlotId",
    "equipment.XiomCardSlot":"className,isEquipmentInserted,isTempSensorAvailable,deploymentState,name,objectFullName,hwName,displayedName,mgmtIpAddrType,operationalState,administrativeState,ipAddress,systemAddress,chassisType,chassisMode,version,systemCpmType,licenseConsumed,licensedProduct,siteId,siteName,xiomCardSlotId",
    "equipment.Card":"className,phyShelfClass,name,slotId,objectFullName,specificType,daughterCardSlotId,displayedName,numberOfPorts,slotName,numberOfEquippedXioms,cardStatus,shelfId,siteId,siteName,serialNumber,hwName,cleiCode,equipmentState,operationalState,administrativeState,isEquipped,ne-id,equipment-id,xiomCardSlotId,licenseConsumed,mgmtIpAddrType",
    "equipment.BaseCard":"className,phyShelfClass,name,slotId,objectFullName,specificType,daughterCardSlotId,displayedName,numberOfPorts,slotName,numberOfEquippedXioms,cardStatus,shelfId,siteId,siteName,serialNumber,hwName,cleiCode,equipmentState,operationalState,administrativeState,isEquipped,ne-id,equipment-id",
    "equipment.DaughterCard":"className,phyShelfClass,name,objectFullName,slotId,daughterCardSlotId,specificType,displayedName,numberOfPorts,slotName,numberOfEquippedXioms,cardStatus,siteId,shelfId,siteName,serialNumber,hwName,cleiCode,equipmentState,operationalState,administrativeState,isEquipped",
    "equipment.XiomCard":"className,name,objectFullName,slotId,specificType,displayedName,mgmtIpAddrType,operationalState,administrativeState,licenseConsumed,siteId,siteName,xiomCardSlotId",
    "equipment.PhysicalPort":"phyShelfClass,className,accessAvailableBW,accessBandwidth,accessBookedBW,accessBookingFactor,actualSpeed,administrativeState,description,displayedName,encapType,isEnabled,isLinkUp,mode,mtuValue,name,objectFullName,operationalMTU,operationalState,portCategory,portClass,portId,portName,reasonDown,siteId,siteName,specificCardType,specificType,speed,state",
    "equipment.Connector":"className,phyShelfClass,name,objectFullName,specificType,displayedName,portId,portCategory,portClass,specificCardType,description,mode,encapType,isLinkUp,state,mtuValue,operationalMTU,speed,actualSpeed,portName,siteId,siteName,operationalState,administrativeState",
    "lag.Interface":"className,name,siteName,objectFullName,displayedName,siteId,operationalState,administrativeState,primaryLagMemberId,primaryLagMemberName,lagSize,lagAggrType,isl2UplinkMode,lagLoadBalancing,isLinkUp,description,isMcLagParticipant,portClass,specificType,lagAttachedPorts,snmpPortId,baseMacAddress,vlanAutoBind,hasConnections,portVlanXlation,lagLosProp,lagType,isEquipmentInserted,channelSize,lagConfiguredSpeed",
    "lag.PortTermination":"className,name,nodeName,displayedName,nodeId,operationalState,administrativeState,terminatedPortPointer,provisionedMtu,portPointer,actualMtu,lagId,encapType,terminationParticipationType,ctpPointer,portPartnerOperSystemId,portIfIndex,terminatedPortOuterEncapValue,deploymentState,portId,terminatedPortInnerEncapValue,lagPortState,terminatedObjectId,objectFullName",
    "multichassis.MultiChassisLag":"className,objectFullName,operationalState,administrativeState,firstIpAddress,secondIpAddress,systemId,firstMcLagMemberPointer,secondMcLagMemberPointer,firstLagInterfacePointer,secondLagInterfacePointer,firstMcLagMemberPointer,secondMcLagMemberPointer,firstPeerPointer,secondPeerPointer,name",
    "svt.MeshSdpBinding":"className,objectFullName,pathName,autoSelectTunnel,operationalState,administrativeState,autoSelectReturnTunnel,sdpMtu,vcId,vcType,serviceType,svcComponentId,serviceId,vlanVcTag,circuitType,creationOrigin,encapsulationType,signallingType,etreeLeafAccess,circuitTransport,pathId,pathName,pathPointer,returnPathName,returnPathPointer,operationalEgressLabel,operationalIngressLabel,fromNodeId,fromNodeName,toNodeId,toNodeName,name",
    "svt.Tunnel": "className,objectFullName,name,pathId,sourceNodeMisconfigured,destinationNodeID,destinationNodeMisconfigured,pathMtu,actualPathMtu,underlyingTransport,ldpEnabled,signallingType",
    "netw.DiscoveredPhysicalLink":"className,name,objectFullName,deploymentState,linkDiscoveredFrom,displayedName,description,endPointBChassisId,endPointAChassisId,linkType,linkDiscoveredFrom,physicalLinkScope,remotePeerPointers,networkElementEndpointAPointer,networkElementEndpointBPointer,endpointAPointer,endpointBPointer,endPointASiteId,endPointBSiteId,endPointASiteName,endPointBSiteName,operationalState,endPointAType,endPointBType",
    "equipment.ProcessorCard":"className,name,slotId,objectFullName,specificType,displayedName,numberOfPorts,slotName,numberOfEquippedXioms,cardStatus,siteId,siteName,serialNumber,hwName,cleiCode,equipmentState,operationalState,administrativeState,isEquipped,ne-id,equipment-id",
    "vpls.Site":"className,objectFullName,displayedName,svcVcType,operationalState,administrativeState,shcvSourceIpAddressType,shcvSourceIpAddress,shcvSourceMacAddress,radiusDiscoveryAdminState,gsmpAdministrativeState,bgpAutoDiscoveryAdminState,vplsId,vxlanSrcTepIpAddrType,description,svcComponentId,serviceName,subscriberName,siteId,vcId,numberOfAccessInterfaces,numberOfCircuits,name,dependantOlcState,xiomCardSlotId,siteName",
    "vpls.Vpls":"className,objectFullName,includeBSite,name,subscriberId,administrativeState,id,customerName,numberOfSites,configuredNumberOfSites,description,lspPathBooking,includeBSite,includeEVPNSite,fullyConnected,includeEtreeSite,bandwidthMethod,siteName,xiomCardSlotId",
    "vpls.BSite":"className,backboneSrcMac,objectFullName,providerTunnelEnabled,operationalState,administrativeState,bVid,siteName,xiomCardSlotId,displayedName,operBackboneSrcMac,vxlanSrcTepIpAddrType,description,svcComponentId,serviceName,subscriberName,siteId,vcId,numberOfAccessInterfaces,numberOfCircuits,name,dependantOlcState",
    "epipe.Epipe":"className,name,displayedName,administrativeState,subscriberId,id,customerName,numberOfSites,objectFullName,configuredNumberOfSites,description,svcPathBooking,lspPathBooking,numberOfSites,sasEntityName,defaultVcId,siteName,xiomCardSlotId",
    "epipe.Site":"className,objectFullName,displayedName,svcEpipeType,operationalState,administrativeState,backboneSvcId,backboneSvcSitePointer,backboneDestMac,backboneDestMacNamePointer,operationalBackboneDestMac,backboneSvcOperState,backboneSvcOperStateChgTime,vxlanSrcTepIpAddrType,description,svcComponentId,serviceName,subscriberName,siteId,vcId,numberOfAccessInterfaces,numberOfCircuits,name,dependantOlcState",
    "epipe.PbbMacName":"className,name,objectFullName,macName,siteId,deploymentState,selfAlarmed,macNameAddress",
    "svt.SpokeSdpBinding":"className,objectFullName,sasEntityName,autoSelectTunnel,operationalState,administrativeState,autoSelectReturnTunnel,sdpMtu,pathName,pathPointer,returnPathName,returnPathPointer,vcId,vcType,serviceType,svcComponentId,serviceId,vlanVcTag,circuitType,creationOrigin,encapsulationType,signallingType,etreeLeafAccess,circuitTransport,pathId,operationalEgressLabel,operationalIngressLabel,fromNodeId,fromNodeName,toNodeId,toNodeName,name",
    "vll.L2AccessInterface": "nodeName,serviceName,className,accountingOn,accountingPolicyObjectPointer,actualMtu,bandwidth,dosProtection,egressPolicyObjectPointer,encapType,etreeLeafAccess,ingressPolicyObjectPointer,loopback,nodeId,objectFullName,displayedName,portId,provisionedMtu,sasIngressPolicyObjectPointer,terminatedPortPointer,administrativeState,operationalState,qinqInnerTranslationId,svcComponentId,terminatedPortOuterEncapValue,terminatedPortInnerEncapValue,aggregation,portDescription,portPointer,name",
    "vpls.L2AccessInterface":"className,objectFullName,displayedName,serviceName,operationalState,administrativeState,terminatedPortPointer,name,shgName,svcComponentId,encapType,terminatedPortOuterEncapValue,terminatedPortInnerEncapValue,dosProtection,bandwidth,portPointer",
    "vprn.L3AccessInterface":"className,name,objectFullName,routerName,nodeName,operationalState,administrativeState,primaryIPv4Address,l3InterfaceDescription,ipOperMtu,bandwidth,subscriberName,serviceId,serviceName,resourceState,routerId,routerName,portName,encapType,nodeName,nodeId,displayedName,portPointer,innerEncapValue,outerEncapValue,portIdentifyingName,underlyingResourceState,terminatedObjectName,provisionedMtu,name,actualMtu,mtuMismatch",
    "vprn.Vprn":"className,name,objectFullName,displayedName,description,operationalState,administrativeState,serviceId,subscriberPointer,subscriberId,customerName,numberOfSites,mtuInconsistent,svcTunnelType,isTunnelBeingUsed,id",
    "vprn.RoutingInstanceSite":"className,name,objectFullName,routerName,siteName,operationalState,administrativeState,subscriberId,subscriberName,serviceId,autonomousSystemNumber,routerId,routerName,routingInstancePointer,siteId",
    "rtr.StaticRoute":"className,name,objectFullName,routingInstanceName,siteName,name,operationalState,administrativeState,siteId,destinationAddressType,destination,prefixLength,destIpMin,destIpMax,id,type,targetIpAddressType,targetIpAddress,preference,metric,nextHopType,nextHop,nextHopValue,routingInstance,siteId",
    "subscr.Subscriber":"className,objectFullName,subscriberName,subscriberId,name"
  }
}