<EntityList name="NFMPFilterGroup" RootFilterExpression="$[?(@.className=='equipment.ProcessorCard')]" FilterHandler="com.nokia.nsw.uiv.adapter.handler.xml.NFMPL2VPNGenericNodeHandler">
	<Entity type="PhysicalComponent" markForAsso="true">
		<Filter>
			<ValueExpression>(/JsonRootNode/className eq 'equipment.ProcessorCard') and (not(contains(/JsonRootNode/objectFullName,'SFM')))</ValueExpression>
		</Filter>
		<AttributeList>
			<Attribute>
				<Name>LocalName</Name>
				<ValueExpression>concat(/JsonRootNode/name,'-',/JsonRootNode/slotId)</ValueExpression>
				<Context>
					<ValueExpression/>
				</Context>
			</Attribute>
			<Attribute>
				<Name>Context</Name>
				<!-- <ValueExpression>substring-before(/JsonRootNode/objectFullName,concat(':',/JsonRootNode/name))</ValueExpression> -->
				<ValueExpression>concat(substring-before(/JsonRootNode/objectFullName,concat(':',/JsonRootNode/name)),':cardSlot-',/JsonRootNode/slotId)</ValueExpression>
			
				<DefaultValue/>
			</Attribute>
			<Attribute>
				<Name>Kind</Name>
				<ValueExpression/>
				<!-- <ValueExpression>if(contains(/JsonRootNode/className,'ProcessorCard')) then 'ProcessorCard' else(if(contains(/JsonRootNode/className,'BaseCard')) then 'BaseCard' else 'Card')</ValueExpression> -->
				<DefaultValue>AggCard</DefaultValue>
			</Attribute>
			<Attribute>
				<Name>Category</Name>
				<ValueExpression>/JsonRootNode/specificType</ValueExpression>
				<DefaultValue/>
			</Attribute>
			<Attribute>
				<Name>SerialNumber</Name>
				<ValueExpression>/JsonRootNode/serialNumber</ValueExpression>
				<DefaultValue/>
			</Attribute>
			<Attribute>
				<Name>DiscoveredName</Name>
				<ValueExpression>/JsonRootNode/objectFullName</ValueExpression>
				<DefaultValue/>
			</Attribute>
			<Attribute>
				<Name>DisplayName</Name>
				<ValueExpression>/JsonRootNode/displayedName</ValueExpression>
				<DefaultValue/>
			</Attribute>
			<Attribute>
				<Name>Property</Name>
				<ValueExpression>/JsonRootNode/specificType</ValueExpression>
				<Key>specificType</Key>
			</Attribute>
			<Attribute>
				<Name>Property</Name>
				<ValueExpression>/JsonRootNode/numberOfPorts</ValueExpression>
				<Key>numberOfPorts</Key>
			</Attribute>
			<Attribute>
				<Name>Property</Name>
				<ValueExpression>/JsonRootNode/slotName</ValueExpression>
				<Key>slotName</Key>
			</Attribute>
			<Attribute>
				<Name>Property</Name>
				<ValueExpression>/JsonRootNode/numberOfEquippedXioms</ValueExpression>
				<Key>numberOfEquippedXioms</Key>
			</Attribute>
			<Attribute>
				<Name>Property</Name>
				<ValueExpression>/JsonRootNode/cardStatus</ValueExpression>
				<Key>cardStatus</Key>
			</Attribute>
			<Attribute>
				<Name>Property</Name>
				<ValueExpression>/JsonRootNode/siteId</ValueExpression>
				<Key>siteId</Key>
			</Attribute>
			<Attribute>
				<Name>Property</Name>
				<ValueExpression>/JsonRootNode/siteName</ValueExpression>
				<Key>siteName</Key>
			</Attribute>
			<Attribute>
				<Name>Property</Name>
				<ValueExpression>/JsonRootNode/serialNumber</ValueExpression>
				<Key>serialNumber</Key>
			</Attribute>
			<Attribute>
				<Name>Property</Name>
				<ValueExpression>/JsonRootNode/hwName</ValueExpression>
				<Key>hwName</Key>
			</Attribute>
			<Attribute>
				<Name>Property</Name>
				<ValueExpression>/JsonRootNode/cleiCode</ValueExpression>
				<Key>cleiCode</Key>
			</Attribute>
			<Attribute>
				<Name>Property</Name>
				<ValueExpression>/JsonRootNode/equipmentState</ValueExpression>
				<Key>equipmentState</Key>
			</Attribute>
			  <Attribute>
				<Name>Property</Name>
				<ValueExpression>/JsonRootNode/operationalState</ValueExpression>
				<Key>aggOperationalState</Key>
			</Attribute>
			<Attribute>
				<Name>Property</Name>
				<ValueExpression>/JsonRootNode/administrativeState</ValueExpression>
				<Key>aggAdministrativeState</Key>
			</Attribute>
			<Attribute>
				<Name>Property</Name>
				<ValueExpression>/JsonRootNode/isEquipped</ValueExpression>
				<Key>isEquipped</Key>
			</Attribute>
		</AttributeList>
		<AssoicationList>
			<KeyBasedAssoication>
				<!-- <JoinKey>
               <Association>
                  <Target>PhysicalComponent</Target>
                  <Type>CONTAINS</Type>
               </Association>
               <Key>
                  <Name>CardToDaughterCardslot</Name>
                  <ValueExpression>/JsonRootNode/objectFullName</ValueExpression>
               </Key>
            </JoinKey>-->
				<SelfKey>
					<Key>
						<Name>CardSlotToProcessorCard</Name>
						<!-- <ValueExpression>concat('CardSlotToCard/',/JsonRootNode/siteId,'/',/JsonRootNode/shelfId,'/',/JsonRootNode/slotId)</ValueExpression>-->
						<ValueExpression>concat(substring-before(/JsonRootNode/objectFullName,':card'),':cardSlot-',/JsonRootNode/slotId)</ValueExpression>
					</Key>
				</SelfKey>
				<JoinKey>
					<Association>
						<Target>PhysicalComponent</Target>
						<Type>CONTAINS</Type>
					</Association>
					<Key>
						<Name>CardToDaughterCardslot</Name>
						<ValueExpression>concat(/JsonRootNode/objectFullName,'-',/JsonRootNode/slotId)</ValueExpression>
					</Key>
				</JoinKey>
				<JoinKey>
					<Association>
						<Target>PhysicalPort</Target>
						<Type>CONTAINS</Type>
					</Association>
					<Key>
						<Name>CardToPort</Name>
						<ValueExpression>concat(/JsonRootNode/ne-id,'/',/JsonRootNode/equipment-id)</ValueExpression>
					</Key>
				</JoinKey>
			</KeyBasedAssoication>
		</AssoicationList>
	</Entity>
</EntityList>
