<EntityList name="NFMPFilterGroup" RootFilterExpression="$[?(@.className=='equipment.Shelf')]" FilterHandler="com.nokia.nsw.uiv.adapter.handler.xml.NFMPL2VPNGenericNodeHandler">
	<Entity type="PhysicalComponent" markForAsso="true">
		<Filter>
			<ValueExpression>contains(/JsonRootNode/className,'equipment.Shelf') and contains(/JsonRootNode/phyShelfClass,'ethSat')
			</ValueExpression>
		</Filter>
		<AttributeList>
			<Attribute>
				<Name>LocalName</Name>
				<ValueExpression>/JsonRootNode/name</ValueExpression>
				<Context>
					<ValueExpression/>
				</Context>
			</Attribute>
			<Attribute>
				<Name>Context</Name>
				<ValueExpression>substring-before(/JsonRootNode/objectFullName,concat(':',/JsonRootNode/name))</ValueExpression>
				<DefaultValue/>
			</Attribute>
			<Attribute>
				<Name>Kind</Name>
				<ValueExpression/>
				<DefaultValue>AggShelf</DefaultValue>
			</Attribute>
			<Attribute>
				<Name>Category</Name>
				<ValueExpression>/JsonRootNode/shelfType</ValueExpression>
				<DefaultValue/>
			</Attribute>
			<Attribute>
				<Name>SerialNumber</Name>
				<ValueExpression>/JsonRootNode/serialNumber</ValueExpression>
				<DefaultValue/>
			</Attribute>
			<Attribute>
				<Name>DiscoveredName</Name>
				<ValueExpression>/JsonRootNode/objectFullName</ValueExpression>
				<DefaultValue/>
			</Attribute>
			<Attribute>
				<Name>DisplayName</Name>
				<ValueExpression>/JsonRootNode/hwName</ValueExpression>
				<DefaultValue/>
			</Attribute>
			
			<Attribute>
				<Name>Property</Name>
				<ValueExpression>/JsonRootNode/shelfId</ValueExpression>
				<Key>shelfId</Key>
			</Attribute>
			
			<Attribute>
				<Name>Property</Name>
				<ValueExpression>/JsonRootNode/siteId</ValueExpression>
				<Key>siteId</Key>
			</Attribute>
			
			<Attribute>
				<Name>Property</Name>
				<ValueExpression>/JsonRootNode/siteName</ValueExpression>
				<Key>siteName</Key>
			</Attribute>
			 <Attribute>
				<Name>Property</Name>
				<ValueExpression>/JsonRootNode/operationalState</ValueExpression>
				<Key>aggOperationalState</Key>
			</Attribute>
			<Attribute>
				<Name>Property</Name>
				<ValueExpression>/JsonRootNode/administrativeState</ValueExpression>
				<Key>aggAdministrativeState</Key>
			</Attribute>
		</AttributeList>
		<AssoicationList>
			<KeyBasedAssoication>
				<SelfKey>
					<Key>
						<Name>SREquipment2Shelf</Name>
						<ValueExpression>/JsonRootNode/siteName</ValueExpression>
					</Key>
				</SelfKey>
				<JoinKey>
					<Association>
						<Target>PhysicalComponent</Target>
						<Type>CONTAINS</Type>
					</Association>
					<Key>
						<Name>ShelftoCardSlot</Name>
						<ValueExpression>concat('ShelftoCardSlot/',/JsonRootNode/objectFullName)</ValueExpression>
					</Key>
				</JoinKey>
			</KeyBasedAssoication>
		</AssoicationList>
	</Entity>
	<Entity type="PhysicalComponent" markForAsso="true">
		<Filter>
			<ValueExpression>contains(/JsonRootNode/className,'equipment.Shelf') and not (contains(/JsonRootNode/phyShelfClass,'ethSat'))
			</ValueExpression>
		</Filter>
		<AttributeList>
			<Attribute>
				<Name>LocalName</Name>
				<ValueExpression>/JsonRootNode/name</ValueExpression>
				<Context>
					<ValueExpression/>
				</Context>
			</Attribute>
			<Attribute>
				<Name>Context</Name>
				<ValueExpression>substring-before(/JsonRootNode/objectFullName,concat(':',/JsonRootNode/name))</ValueExpression>
				<DefaultValue/>
			</Attribute>
			<Attribute>
				<Name>Kind</Name>
				<ValueExpression/>
				<DefaultValue>AggShelf</DefaultValue>
			</Attribute>
			<Attribute>
				<Name>Category</Name>
				<ValueExpression>/JsonRootNode/shelfType</ValueExpression>
				<DefaultValue/>
			</Attribute>
			<Attribute>
				<Name>SerialNumber</Name>
				<ValueExpression>/JsonRootNode/serialNumber</ValueExpression>
				<DefaultValue/>
			</Attribute>
			<Attribute>
				<Name>DiscoveredName</Name>
				<ValueExpression>/JsonRootNode/objectFullName</ValueExpression>
				<DefaultValue/>
			</Attribute>
			<Attribute>
				<Name>DisplayName</Name>
				<ValueExpression>/JsonRootNode/hwName</ValueExpression>
				<DefaultValue/>
			</Attribute>
			
			<Attribute>
				<Name>Property</Name>
				<ValueExpression>/JsonRootNode/shelfId</ValueExpression>
				<Key>shelfId</Key>
			</Attribute>
			
			<Attribute>
				<Name>Property</Name>
				<ValueExpression>/JsonRootNode/siteId</ValueExpression>
				<Key>siteId</Key>
			</Attribute>
			<Attribute>
				<Name>Property</Name>
				<ValueExpression>/JsonRootNode/siteName</ValueExpression>
				<Key>siteName</Key>
			</Attribute>
			  <Attribute>
				<Name>Property</Name>
				<ValueExpression>/JsonRootNode/operationalState</ValueExpression>
				<Key>aggOperationalState</Key>
			</Attribute>
			<Attribute>
				<Name>Property</Name>
				<ValueExpression>/JsonRootNode/administrativeState</ValueExpression>
				<Key>aggAdministrativeState</Key>
			</Attribute>
		</AttributeList>
		<AssoicationList>
			<KeyBasedAssoication>
				<SelfKey>
					<Key>
						<Name>SREquipment2Shelf</Name>
						<ValueExpression>/JsonRootNode/siteName</ValueExpression>
					</Key>
				</SelfKey>
				<JoinKey>
					<Association>
						<Target>PhysicalComponent</Target>
						<Type>CONTAINS</Type>
					</Association>
					<Key>
						<Name>ShelftoCardSlot</Name>
						<ValueExpression>concat('ShelftoCardSlot/',/JsonRootNode/objectFullName)</ValueExpression>
					</Key>
				</JoinKey>
			</KeyBasedAssoication>
		</AssoicationList>
	</Entity>
</EntityList>
