<EntityList name="NFMPFilterGroup" RootFilterExpression="$[?(@.className=='equipment.XiomCard')]" FilterHandler="com.nokia.nsw.uiv.adapter.handler.xml.NFMPL2VPNGenericNodeHandler">
	<Entity type="PhysicalComponent" markForAsso="true">
		<Filter>
			<ValueExpression>(/JsonRootNode/className eq 'equipment.XiomCard') 
			</ValueExpression>
		</Filter>
		<AttributeList>
			<Attribute>
				<Name>LocalName</Name>
				<ValueExpression>concat(/JsonRootNode/name,'-',/JsonRootNode/slotId)</ValueExpression>
				<Context>
					<ValueExpression/>
				</Context>
			</Attribute>
			<Attribute>
				<Name>Context</Name>
				<ValueExpression>substring-before(/JsonRootNode/objectFullName,concat(':',/JsonRootNode/name))</ValueExpression>
				<DefaultValue/>
			</Attribute>
			<Attribute>
				<Name>Kind</Name>
				<ValueExpression/>
				<DefaultValue>AggCard</DefaultValue>
			</Attribute>
			
			<Attribute>
				<Name>Category</Name>
				<ValueExpression>/JsonRootNode/specificType</ValueExpression>
				<DefaultValue/>
			</Attribute>
			<Attribute>
				<Name>DiscoveredName</Name>
				<ValueExpression>/JsonRootNode/objectFullName</ValueExpression>
				<DefaultValue/>
			</Attribute>
			<Attribute>
				<Name>DisplayName</Name>
				<ValueExpression>/JsonRootNode/displayedName</ValueExpression>
				<DefaultValue/>
			</Attribute>
			  <Attribute>
				<Name>Property</Name>
				<ValueExpression>/JsonRootNode/operationalState</ValueExpression>
				<Key>aggOperationalState</Key>
			</Attribute>
			<Attribute>
				<Name>Property</Name>
				<ValueExpression>/JsonRootNode/administrativeState</ValueExpression>
				<Key>aggAdministrativeState</Key>
			</Attribute>
			<Attribute>
				<Name>Property</Name>
				<ValueExpression>/JsonRootNode/licenseConsumed</ValueExpression>
				<Key>licenseConsumed</Key>
			</Attribute>
			<Attribute>
				<Name>Property</Name>
				<ValueExpression>/JsonRootNode/siteId</ValueExpression>
				<Key>siteId</Key>
			</Attribute>
			<Attribute>
				<Name>Property</Name>
				<ValueExpression>/JsonRootNode/siteName</ValueExpression>
				<Key>siteName</Key>
			</Attribute>
		</AttributeList>
		<AssoicationList>
			<KeyBasedAssoication>
				<SelfKey>
					<Key>
						<Name>CardToxiomslot</Name>
						<!-- <ValueExpression>concat('CardSlotToCard/',/JsonRootNode/siteId,'/',/JsonRootNode/shelfId,'/',/JsonRootNode/slotId)</ValueExpression>-->
						<ValueExpression>substring-before(/JsonRootNode/objectFullName,':xiomCard')</ValueExpression>
					</Key>
				</SelfKey>
				<JoinKey>
					<Association>
						<Target>PhysicalComponent</Target>
						<Type>CONTAINS</Type> 
					</Association>
					<Key>
						<Name>XIOMToDaughterCardslot</Name>
						<ValueExpression>concat(/JsonRootNode/siteName,'/',/JsonRootNode/objectFullName)</ValueExpression>
					</Key>
				</JoinKey>
			</KeyBasedAssoication>
		</AssoicationList>
	</Entity>
</EntityList>
